da,vanilla,0,all,0.0002557670418889593,0.9418562661449711,-0.8522230147233635
da,vanilla,0,stopwords,0.00018740563617199906,0.9204659259174486,-0.685926782725527
da,vanilla,0,content,0.00019324544893266978,0.9077223334367085,-0.6029540413260581
da,vanilla,0,function,0.0017788950159392106,0.9743284211442885,-1.400984997717047
da,token,0,all,0.0003880124076046099,0.8616210184438311,-0.6949680388548579
da,token,0,stopwords,0.0003003682906584022,0.7869529142481809,-0.48154898701719145
da,token,0,content,0.0003187703400947192,0.7773653257866554,-0.4193390623681328
da,token,0,function,0.0024950300924812354,0.9602660013776528,-1.3489216488542446
da,token,1,all,0.0003870518676421532,0.8617243488588291,-0.6952114628119048
da,token,1,stopwords,0.000299522558494963,0.7872080356369587,-0.4824633788397636
da,token,1,content,0.0003176906191297202,0.7773995922645841,-0.4202331759102578
da,token,1,function,0.0024739064545731557,0.9602812392542939,-1.3513753772155452
da,token,2,all,0.00038612169416540334,0.8618263548130144,-0.6953913634052986
da,token,2,stopwords,0.00029872822610592733,0.7874910981480145,-0.4827538667681169
da,token,2,content,0.0003167544732682646,0.7775580009284048,-0.42028046357196264
da,token,2,function,0.0024783933477611074,0.9596021935757796,-1.350155677328903
da,token,3,all,0.0003860017429490766,0.8617509706251985,-0.695196679184034
da,token,3,stopwords,0.00029861381188534035,0.7871233935475654,-0.48220908267754625
da,token,3,content,0.0003163241580466051,0.7771800308575644,-0.4196277417580048
da,token,3,function,0.00249775212078977,0.9596128774625451,-1.3463379433910985
da,token,4,all,0.00038487915053688496,0.8616412830833815,-0.6950042312860397
da,token,4,stopwords,0.00029773411269972376,0.7871417373283507,-0.4824059634596429
da,token,4,content,0.00031557948775084917,0.7771802429065486,-0.4195907632562813
da,token,4,function,0.0024690215305378854,0.9600292636973147,-1.3525155710465624
da,token,5,all,0.0003849582391134376,0.8616532633711778,-0.6950438739136279
da,token,5,stopwords,0.0002976657216992808,0.7869473335025063,-0.4821046817655633
da,token,5,content,0.00031528480108384557,0.7767666976087995,-0.41920458480751094
da,token,5,function,0.002474774885512759,0.9602493142948473,-1.350224648861945
da,token,6,all,0.00038446881246764606,0.8615396812046308,-0.6947031708856933
da,token,6,stopwords,0.0002973440349081472,0.786760107413892,-0.4818498817858488
da,token,6,content,0.0003148326544317662,0.7766876489360185,-0.41907589423306973
da,token,6,function,0.0024878013496068127,0.9594393774659018,-1.3464287378034894
da,token,7,all,0.0003845671303796894,0.861595752356609,-0.6948926108568693
da,token,7,stopwords,0.00029747201320496676,0.7870793259563944,-0.4823414145712068
da,token,7,content,0.00031477012148970493,0.7767730906945857,-0.4192296857806688
da,token,7,function,0.0024509292192961447,0.9599486045385014,-1.3553938287825082
da,token,8,all,0.0003833300953612467,0.8614731467114631,-0.6946755662904867
da,token,8,stopwords,0.0002964083106547269,0.7867234404821417,-0.4819279488219065
da,token,8,content,0.00031347410431881216,0.7764476628196737,-0.4185289760985813
da,token,8,function,0.002470866946284543,0.9593021044148403,-1.3487782105758226
da,token,9,all,0.0003830870391274943,0.8615750306175872,-0.6947875173835761
da,token,9,stopwords,0.00029619759150314084,0.7867306834101325,-0.48190696818694234
da,token,9,content,0.00031314358420544736,0.7765053438969508,-0.41858970549263635
da,token,9,function,0.0024704689154372247,0.9590802854279196,-1.3481468107000625
da,pos,0,all,0.0003949366433173428,0.8593689260397492,-0.7002353381682156
da,pos,0,stopwords,0.0003033527341355325,0.7861252950620651,-0.5036948318494014
da,pos,0,content,0.00031755585262160084,0.7722314300697072,-0.41050663264599485
da,pos,0,function,0.00230952160219065,0.9562461000670811,-1.3279010723988651
da,pos,1,all,0.00039544732691244053,0.8595393964064945,-0.7004266226479807
da,pos,1,stopwords,0.0003038343119668765,0.7863507990710867,-0.503892810015702
da,pos,1,content,0.00031801230321597805,0.7723631919960495,-0.41063061337452733
da,pos,1,function,0.0023374180449060966,0.9563536961299104,-1.323999368030153
da,pos,2,all,0.00039502269815535875,0.8593751453609857,-0.7003643056276645
da,pos,2,stopwords,0.0003033664782420594,0.7860746179599718,-0.5037194131254601
da,pos,2,content,0.000317588105168457,0.7720370279964817,-0.41054964438938124
da,pos,2,function,0.0023100388015920947,0.9560455684130003,-1.3287504624367366
da,pos,3,all,0.00039552723973215205,0.8594948395988713,-0.7005366897880819
da,pos,3,stopwords,0.00030384238164928566,0.786196882559911,-0.5038270932314922
da,pos,3,content,0.00031834896114750526,0.7722470171399176,-0.41051485892713246
da,pos,3,function,0.0023073881546596888,0.9569177987430879,-1.3315893040277382
da,pos,4,all,0.00039575276244626983,0.8595802187240663,-0.7006882386420068
da,pos,4,stopwords,0.0003040678240389759,0.7864801424048309,-0.5042141602363572
da,pos,4,content,0.0003184141640772177,0.7725377308958705,-0.4109610973375187
da,pos,4,function,0.0023223869373015975,0.9567310533499628,-1.327941130039371
da,pos,5,all,0.0003953295746695921,0.8593001945993,-0.7000308974401299
da,pos,5,stopwords,0.00030368157100990384,0.7858694618930522,-0.5033551888409281
da,pos,5,content,0.0003178319010567672,0.7717954397355683,-0.4100467637418333
da,pos,5,function,0.002322354612339007,0.9563791040637182,-1.3259438490495319
da,pos,6,all,0.0003954610487538208,0.8595451836801502,-0.7004892662878198
da,pos,6,stopwords,0.0003037895906703199,0.786332970573638,-0.5037754372157791
da,pos,6,content,0.00031784304235958426,0.7723306754538226,-0.41051077293013183
da,pos,6,function,0.002322419262264188,0.9565037141070266,-1.329559717922144
da,pos,7,all,0.0003958244590232128,0.8594154959521144,-0.7002118789994745
da,pos,7,stopwords,0.0003040632458393954,0.7861690530807943,-0.5037198521900518
da,pos,7,content,0.00031836720179211737,0.7721316378931686,-0.4101252504744418
da,pos,7,function,0.002304705182764692,0.956194872797834,-1.3296891564530433
da,pos,8,all,0.0003959887849448517,0.8592801446887641,-0.7001104707835794
da,pos,8,stopwords,0.0003043010359814237,0.7862229674256997,-0.5037683009352404
da,pos,8,content,0.00031852977844655804,0.7722339720087414,-0.4104105083516813
da,pos,8,function,0.0023213202135361167,0.9564502587058114,-1.327990307049941
da,pos,9,all,0.00039565444155129743,0.8593428495760302,-0.7001718227238903
da,pos,9,stopwords,0.0003040010710051382,0.7862089639573117,-0.5037251205455175
da,pos,9,content,0.0003182195988186317,0.7721451920670744,-0.41024121492385834
da,pos,9,function,0.0023179260924641332,0.9556502346897363,-1.3276911310498944
nl,vanilla,0,all,0.00024517009377233377,0.9512166599938314,-0.8786334261365145
nl,vanilla,0,stopwords,0.0001811028003397687,0.9372749069439763,-0.740198113471356
nl,vanilla,0,content,0.00022038103061817828,0.9268602125382037,-0.6671408592996809
nl,vanilla,0,function,0.0018949774279827848,0.9756162776787746,-1.4428015727126657
nl,token,0,all,0.00039131234129567173,0.8612243939623123,-0.6888421992012902
nl,token,0,stopwords,0.0003026576232976079,0.7929594087468506,-0.49318381551324403
nl,token,0,content,0.0003805827357617251,0.7958204332195119,-0.4526198287184713
nl,token,0,function,0.0027604838430885154,0.9649164755453307,-1.3933973589399076
nl,token,1,all,0.0003913388305316493,0.8617000447895844,-0.6896478319857249
nl,token,1,stopwords,0.0003027177534203392,0.793714588380082,-0.4945133184616965
nl,token,1,content,0.00038064615963232526,0.7958707021250345,-0.4524307941577643
nl,token,1,function,0.002756849669960267,0.965637187626607,-1.395625969796559
nl,token,2,all,0.00039121516705037927,0.8615652551601274,-0.6894103114164143
nl,token,2,stopwords,0.0003025394919108416,0.7935297547086528,-0.49434650064683633
nl,token,2,content,0.0003804378848701206,0.7959855370108052,-0.4523962134183036
nl,token,2,function,0.002769594291479272,0.9648423880018703,-1.3907149815636093
nl,token,3,all,0.0003912060853948441,0.8616018262425906,-0.6895947483399107
nl,token,3,stopwords,0.00030263445929838993,0.793590224196511,-0.49457076215350254
nl,token,3,content,0.00038054803334078714,0.7960325016166045,-0.4527228154266405
nl,token,3,function,0.0027601089502175863,0.965550838578259,-1.3913600054503663
nl,token,4,all,0.0003909283765840757,0.8615817380347139,-0.6895192287323498
nl,token,4,stopwords,0.0003022588103123738,0.7934679673536666,-0.4943215249508139
nl,token,4,content,0.00037986828667794473,0.7957565491497312,-0.4523248261582657
nl,token,4,function,0.002760944663104078,0.9654356645134783,-1.394865898625107
nl,token,5,all,0.000390056403211554,0.8615941677752168,-0.6895276542999537
nl,token,5,stopwords,0.00030152463440621615,0.7935223036578484,-0.49446807549500815
nl,token,5,content,0.0003792077945196373,0.79574133397888,-0.45214009124412663
nl,token,5,function,0.0027651650131808635,0.9644777356986098,-1.3905856667511378
nl,token,6,all,0.00039101092867386465,0.8616127793315691,-0.6895042032823594
nl,token,6,stopwords,0.00030245573939879293,0.7935102391785956,-0.49446893161228883
nl,token,6,content,0.0003799412802876419,0.7958375992644882,-0.4526016843259027
nl,token,6,function,0.002751751821352665,0.9652315485509406,-1.395283142113192
nl,token,7,all,0.0003903128030056311,0.8615922227268697,-0.6896268481161714
nl,token,7,stopwords,0.00030186053658557126,0.7934596449675453,-0.49440628085452326
nl,token,7,content,0.00037945897577086325,0.7957268075463697,-0.4524178540392143
nl,token,7,function,0.0027659171547787065,0.965166737472549,-1.3924141023587011
nl,token,8,all,0.0003904813958116439,0.8614804383054361,-0.6893054242869326
nl,token,8,stopwords,0.0003018965549610329,0.7933271744866754,-0.49425790962383864
nl,token,8,content,0.0003798077202049886,0.7956064596829413,-0.4520781867423722
nl,token,8,function,0.0027496207534921098,0.9658688982426362,-1.395074233968943
nl,token,9,all,0.0003903162486815289,0.8616788078406888,-0.6897450432824731
nl,token,9,stopwords,0.00030182502571428067,0.793657971705255,-0.49474581483070335
nl,token,9,content,0.00037926944993653926,0.7957564420743268,-0.45226733093886984
nl,token,9,function,0.002768883935525754,0.9650060109797427,-1.3909896487754076
nl,pos,0,all,0.00038133440647078107,0.8632046944528988,-0.7051406948137001
nl,pos,0,stopwords,0.0002933039331770524,0.7928766604760866,-0.5173300569663077
nl,pos,0,content,0.0003728877031217665,0.7972524198399612,-0.4544794444568163
nl,pos,0,function,0.00239389095429757,0.9645384169305159,-1.394789890216187
nl,pos,1,all,0.0003814592196408183,0.8629713179973559,-0.7046670574129522
nl,pos,1,stopwords,0.00029341206950342954,0.7924540904672185,-0.5168812508694948
nl,pos,1,content,0.0003725624689269263,0.7970382911277214,-0.4542075352881354
nl,pos,1,function,0.00237975065453412,0.9654779932724936,-1.3963312184215373
nl,pos,2,all,0.000382154176666207,0.8631705897480909,-0.7050124437311805
nl,pos,2,stopwords,0.0002940061777503234,0.7928227904498761,-0.5173040410392079
nl,pos,2,content,0.0003737975010358181,0.7972146036948401,-0.45456922434790514
nl,pos,2,function,0.0023720443729149648,0.9650429304382797,-1.400618715752051
nl,pos,3,all,0.000381768688629144,0.8633484430858589,-0.7052959086962773
nl,pos,3,stopwords,0.00029361319945882106,0.7930015105341743,-0.517375726593287
nl,pos,3,content,0.00037333185225235747,0.7973599086064398,-0.45454478322328806
nl,pos,3,function,0.0023789145956792115,0.9653120817536017,-1.398294748533505
nl,pos,4,all,0.00038226439784874825,0.8631270616515919,-0.7048184815686934
nl,pos,4,stopwords,0.0002941008682905793,0.7927529831096598,-0.5170215858778748
nl,pos,4,content,0.0003737394300158962,0.7970341488627951,-0.4540131516110579
nl,pos,4,function,0.0023937455527575854,0.9646840274026698,-1.3940900242684582
nl,pos,5,all,0.00038163175982058075,0.8631689458850975,-0.7049972567723188
nl,pos,5,stopwords,0.00029362327150924333,0.7928410954595042,-0.5170399300600452
nl,pos,5,content,0.0003732289502856895,0.7973831950164059,-0.4543596190280915
nl,pos,5,function,0.002372844081384877,0.9650841402428176,-1.3980409194896126
nl,pos,6,all,0.0003819949807374945,0.863107214298951,-0.7048551091060752
nl,pos,6,stopwords,0.00029390899473890833,0.7927636982870582,-0.5170988515206832
nl,pos,6,content,0.00037365057234802575,0.7970549424827582,-0.4541713219584851
nl,pos,6,function,0.002375061454869634,0.9648784088553932,-1.3976875119322079
nl,pos,7,all,0.0003818845354724959,0.8631806553299679,-0.7049404458035933
nl,pos,7,stopwords,0.0002937886960927228,0.7929468753594616,-0.5173949228030674
nl,pos,7,content,0.0003732794609116257,0.7975079326724851,-0.45483751189240956
nl,pos,7,function,0.0023789872964492037,0.9657666676971834,-1.398090786230349
nl,pos,8,all,0.000381488303881998,0.8632007435736915,-0.704961622587991
nl,pos,8,stopwords,0.00029336386179532075,0.7928026906311236,-0.5172517331260447
nl,pos,8,content,0.00037292566670626477,0.79688202519807,-0.4540463466495949
nl,pos,8,function,0.002397053437792223,0.9649324464628444,-1.3944068713344582
nl,pos,9,all,0.00038219574592748487,0.8632209494304888,-0.7050584228076942
nl,pos,9,stopwords,0.00029407599975282456,0.7930782207807773,-0.5174122159319385
nl,pos,9,content,0.0003739290402620969,0.7974704178887233,-0.4546027274783714
nl,pos,9,function,0.002391746281582805,0.9645496291895884,-1.393931381473959
en,vanilla,0,all,0.0005940748916160333,0.9557273321376095,-0.9241945905878681
en,vanilla,0,stopwords,0.0004665847683992072,0.9425481452420161,-0.7731063120040311
en,vanilla,0,content,0.0009626354325829836,0.9474215308702608,-0.7816929167196418
en,vanilla,0,function,0.005125033037861945,0.9706333617235515,-1.9873737528943376
en,token,0,all,0.0008817466355637739,0.9042458787378745,-0.8088122976332939
en,token,0,stopwords,0.0007665490281668958,0.8725192350734854,-0.6368364904475868
en,token,0,content,0.0015082971875952892,0.8993408829417582,-0.6779687926953745
en,token,0,function,0.008517556844378655,0.9661422630868521,-1.9826668483943415
en,token,1,all,0.0008812263415158097,0.9044144471540937,-0.8094529460970802
en,token,1,stopwords,0.0007660743805310688,0.872793500691779,-0.6379573221268551
en,token,1,content,0.0015085372888524447,0.8995119398025065,-0.6782225950248655
en,token,1,function,0.008524375542612954,0.9661489354757931,-1.9819573274108995
en,token,2,all,0.0008829090608307267,0.9044382293117701,-0.8094205918053635
en,token,2,stopwords,0.000767664383921565,0.8728241257099274,-0.6378991575469857
en,token,2,content,0.001511254010392512,0.8994961249351539,-0.6780508461161866
en,token,2,function,0.008610812570230084,0.9656406139258404,-1.9755688593108376
en,token,3,all,0.0008827368412468159,0.9044406433456206,-0.8095309001638719
en,token,3,stopwords,0.0007674681356694664,0.8728192296209005,-0.6379876362050098
en,token,3,content,0.001510482530594328,0.8995932909737703,-0.6785939995330605
en,token,3,function,0.008553254735134685,0.9665961396838196,-1.9812645026287399
en,token,4,all,0.0008827513343935258,0.9043719662092191,-0.8093403937617133
en,token,4,stopwords,0.0007674792659203675,0.8726315261813298,-0.6376407284036842
en,token,4,content,0.001511851909421144,0.8994515357347435,-0.6781352728604377
en,token,4,function,0.008566691581655215,0.9667869427010629,-1.9774985207991231
en,token,5,all,0.0008816031611327545,0.9043394439812574,-0.8092762501556511
en,token,5,stopwords,0.0007663609828006209,0.8725594005830243,-0.6375181979727398
en,token,5,content,0.0015087536024314765,0.8993419140873353,-0.6779751305586346
en,token,5,function,0.008560675083213187,0.9658363630409115,-1.9800601423489672
en,token,6,all,0.000882940669497868,0.9043844309631777,-0.809216707762504
en,token,6,stopwords,0.0007676790200013016,0.8727108052321841,-0.6378132570720975
en,token,6,content,0.0015113242885986563,0.8994798851200282,-0.6782681040914562
en,token,6,function,0.008599982873034435,0.9657993170789791,-1.975865004935497
en,token,7,all,0.0008806794143981015,0.904331001618493,-0.8092759089466715
en,token,7,stopwords,0.0007651982514672625,0.8726087097120514,-0.6376983742590973
en,token,7,content,0.0015085475015194944,0.8992610144189974,-0.6777412861636376
en,token,7,function,0.008565087182070674,0.9664700423828765,-1.9789347436392413
en,token,8,all,0.0008825752891557955,0.9043626933339852,-0.8093050395576409
en,token,8,stopwords,0.0007673339152792709,0.8726342317384668,-0.6377383930039904
en,token,8,content,0.0015110588751034877,0.8994730299790684,-0.6780616492307228
en,token,8,function,0.008524977192457156,0.9660633590997223,-1.982502271470229
en,token,9,all,0.0008807464833217275,0.9043506263913981,-0.8092518267486849
en,token,9,stopwords,0.0007657857504048821,0.8726342711184553,-0.6376572719086113
en,token,9,content,0.001508018454866831,0.8992850108968058,-0.6778045516012396
en,token,9,function,0.008420691219462009,0.9662448862170753,-1.9914334859313656
en,pos,0,all,0.0008012109037629068,0.8970465095697286,-0.7880004045722739
en,pos,0,stopwords,0.0006474565131297445,0.8636702579280705,-0.6355984594201601
en,pos,0,content,0.0012979403494273415,0.8915487037944209,-0.6429795511542579
en,pos,0,function,0.005597590066166575,0.9607986894136022,-1.9359655808636174
en,pos,1,all,0.0008012184085536384,0.8969689449378,-0.7877879572923137
en,pos,1,stopwords,0.0006473204068342691,0.8636014777588719,-0.6354960148962646
en,pos,1,content,0.0012988235859861552,0.8914485561124963,-0.6427731582540788
en,pos,1,function,0.005567366981334772,0.9607585320575119,-1.9393838075784982
en,pos,2,all,0.0008016522631378943,0.8970537785685783,-0.7880313449535369
en,pos,2,stopwords,0.0006476665316182441,0.8636770124017195,-0.6358089738895948
en,pos,2,content,0.0012980420218446096,0.8915610773575091,-0.6432908986444045
en,pos,2,function,0.005621631156373691,0.9606417889294572,-1.933639059117452
en,pos,3,all,0.0008011710672569388,0.8969849945631019,-0.7879822741946508
en,pos,3,stopwords,0.0006473436870138563,0.8635606691448096,-0.6356762743298011
en,pos,3,content,0.0012980752964538973,0.8915097160244347,-0.6431599187599639
en,pos,3,function,0.00552725270510347,0.9606396772904746,-1.9448966206006266
en,pos,4,all,0.000801660903009451,0.8970279821091993,-0.7879021464228309
en,pos,4,stopwords,0.0006478156365476318,0.8636424741051169,-0.6357077464581584
en,pos,4,content,0.0012982363408634158,0.8915455094402115,-0.6430220453528431
en,pos,4,function,0.005589347406666992,0.96053252792381,-1.9363719795560923
en,pos,5,all,0.000801627188907717,0.8969950198276003,-0.7879059336271927
en,pos,5,stopwords,0.0006477951775479708,0.863671691890875,-0.6358435937369951
en,pos,5,content,0.0012994135263604905,0.8915076462613731,-0.6429343286638454
en,pos,5,function,0.00558110474716741,0.9594638140079244,-1.939497424479767
en,pos,6,all,0.0008018589330144471,0.897061640956126,-0.7878864789614983
en,pos,6,stopwords,0.0006481649157280986,0.8637449137795694,-0.6356097358296006
en,pos,6,content,0.0012984437495105429,0.8914724369115554,-0.642876825262356
en,pos,6,function,0.005540715715619455,0.9611053557021466,-1.9443153581017887
en,pos,7,all,0.0008014783967317229,0.8970012920853567,-0.7878345413320548
en,pos,7,stopwords,0.0006475742958705704,0.8636862856634859,-0.6356991580895341
en,pos,7,content,0.0012983720437004694,0.8914860169052433,-0.6429315808335132
en,pos,7,function,0.005553079704868829,0.9606363629930051,-1.941825234684827
en,pos,8,all,0.0008010631752283281,0.8969460933573914,-0.787853497078712
en,pos,8,stopwords,0.0006472788103245661,0.8635699422104384,-0.6356235934787453
en,pos,8,content,0.0012973245745671593,0.8913102934748471,-0.642764082149009
en,pos,8,function,0.005556376768668662,0.9605665225817355,-1.9423438983024184
en,pos,9,all,0.0008014174433942819,0.8968894435659422,-0.7877065626519005
en,pos,9,stopwords,0.0006475456873275913,0.8634877905573759,-0.6354617639473378
en,pos,9,content,0.0012988820950698861,0.8911795295420555,-0.6424298025553776
en,pos,9,function,0.005553491837843808,0.9607992894756242,-1.9426406987746363
fi,vanilla,0,all,8.833992022814028e-05,0.906536635288341,-0.7245926870321667
fi,vanilla,0,stopwords,6.69899644997375e-05,0.895290007134754,-0.6717245070757453
fi,vanilla,0,content,5.8787397019478414e-05,0.8662933232735381,-0.56904080629284
fi,vanilla,0,function,0.0021326204796910967,0.966347472459902,-0.9923912837313299
fi,token,0,all,0.0001549962669605111,0.741084549640872,-0.44609804323035174
fi,token,0,stopwords,0.00012178229332943516,0.6588492520249216,-0.34819090236769185
fi,token,0,content,0.0001084092897873792,0.5635138068021577,-0.20066615894910986
fi,token,0,function,0.0029761144071132305,0.9536058019932292,-0.943914529675202
fi,token,1,all,0.0001548979865636354,0.7420611251003428,-0.44752211351638727
fi,token,1,stopwords,0.00012169257902769537,0.6603645449399922,-0.3504240192436047
fi,token,1,content,0.00010809118697539597,0.5608380316078188,-0.19733027235495124
fi,token,1,function,0.0029311301975931403,0.9542745157812311,-0.9534127626380257
fi,token,2,all,0.00015482743063558954,0.7422746528561788,-0.4476595156808043
fi,token,2,stopwords,0.0001216216317440964,0.660759410547,-0.35077528058153234
fi,token,2,content,0.00010801349361407752,0.5612129322935329,-0.1975061674417085
fi,token,2,function,0.002916817040018566,0.9534012159523779,-0.9601454152119039
fi,token,3,all,0.00015492004475041143,0.7420172277659591,-0.4474483261012115
fi,token,3,stopwords,0.00012165604246220391,0.6606163801931995,-0.3506324595819761
fi,token,3,content,0.00010800435269923259,0.5607115690400051,-0.1972635375704886
fi,token,3,function,0.0029454433551677145,0.9546631334510058,-0.9428528377001071
fi,token,4,all,0.00015471688970983112,0.7420728755829071,-0.44762122702624413
fi,token,4,stopwords,0.00012155479183016178,0.6608226629421377,-0.3509197099050406
fi,token,4,content,0.000107868079552832,0.5609494633903249,-0.19755010025554337
fi,token,4,function,0.0029025038824439923,0.9530870899771158,-0.9550725223770732
fi,token,5,all,0.0001548464799916368,0.7421158348251289,-0.4475903341408442
fi,token,5,stopwords,0.00012162647501557111,0.66078382391599,-0.35082935879622357
fi,token,5,content,0.00010802088431087267,0.5614948836290998,-0.1975872022736598
fi,token,5,function,0.0029025038824439923,0.953004838429148,-0.950012678118872
fi,token,6,all,0.0001549753305051558,0.742011240043928,-0.4474522671108164
fi,token,6,stopwords,0.00012174294224280552,0.6604494415068934,-0.3504905869763769
fi,token,6,content,0.00010803644503964627,0.560426141713352,-0.19702302649217643
fi,token,6,function,0.0029290854607967724,0.9524436896928347,-0.9511815607105438
fi,token,7,all,0.00015516318404980032,0.7421513104343069,-0.4475839514874971
fi,token,7,stopwords,0.00012192204188437827,0.6606754081328787,-0.35069181112930786
fi,token,7,content,0.00010822859401091097,0.5613369256247547,-0.1975737857336091
fi,token,7,function,0.0029669130915295754,0.9509695545269591,-0.9453543514253584
fi,token,8,all,0.0001551744267922958,0.742249175162809,-0.4478222427202387
fi,token,8,stopwords,0.0001219191651805926,0.6608883460970194,-0.35101525733170397
fi,token,8,content,0.00010819567008647572,0.5608482342560455,-0.1974174807260525
fi,token,8,function,0.002926018355602221,0.9505932678465726,-0.9558006939545592
fi,token,9,all,0.00015487367485128887,0.7419213872589814,-0.44736674631633194
fi,token,9,stopwords,0.00012170056514219139,0.6605582700672604,-0.35060533189514487
fi,token,9,content,0.00010790541748490769,0.5608243423195116,-0.197167401732954
fi,token,9,function,0.0029587341443441046,0.9479015012060731,-0.9495861699996433
fi,pos,0,all,0.00017131532497039655,0.7362482287374739,-0.4561967132494295
fi,pos,0,stopwords,0.00013663553721416112,0.6592002483254146,-0.36768265020937657
fi,pos,0,content,0.00012766705521572501,0.5745107514188053,-0.20429924394019855
fi,pos,0,function,0.0032028910175490705,0.9584202509114425,-1.0403428165870845
fi,pos,1,all,0.0001712099161845308,0.7362306226493381,-0.456231249536431
fi,pos,1,stopwords,0.00013653718570407698,0.6591231172083928,-0.36764559469086255
fi,pos,1,content,0.00012759836176176733,0.5741746451147237,-0.20405625345173564
fi,pos,1,function,0.0032890274993193237,0.9580829215963655,-1.0327767331820095
fi,pos,2,all,0.00017116936691045383,0.7364747558732481,-0.4565244295780693
fi,pos,2,stopwords,0.0001364903783170687,0.6594739312283967,-0.36795577285086506
fi,pos,2,content,0.00012765259858689895,0.5750111151504426,-0.20456199878680995
fi,pos,2,function,0.0032415039231702184,0.9584472760485974,-1.0379498459937861
fi,pos,3,all,0.00017112406671520282,0.7360973166715312,-0.45610280953508725
fi,pos,3,stopwords,0.00013645207545391928,0.6591745156735945,-0.3676897465849067
fi,pos,3,content,0.000127502642855661,0.5743016729792607,-0.2040232559351313
fi,pos,3,function,0.00317318878245588,0.9595456883170598,-1.0493729924585156
fi,pos,4,all,0.00017137613003368946,0.7361910394774274,-0.4562450019187467
fi,pos,4,stopwords,0.0001367129926174612,0.6592498722844823,-0.3678014497803062
fi,pos,4,content,0.00012768832965776215,0.5740939648082823,-0.203986741402013
fi,pos,4,function,0.00327912675428826,0.9581319929896522,-1.0388024887358727
fi,pos,5,all,0.00017127712992293814,0.7363313945536685,-0.45623170795886886
fi,pos,5,stopwords,0.00013660689664775385,0.6596596233454469,-0.3680601812980606
fi,pos,5,content,0.0001276890262071807,0.5744748317574706,-0.20418752001483856
fi,pos,5,function,0.0032801168287913667,0.9588707234655828,-1.0401525893257335
fi,pos,6,all,0.00017139806650779272,0.7362169450078813,-0.4561454745986023
fi,pos,6,stopwords,0.0001367192270440568,0.6590166468295844,-0.3675829810637167
fi,pos,6,content,0.00012771564678396195,0.5745383235138406,-0.20409826952303076
fi,pos,6,function,0.003253384817207495,0.958822105471769,-1.0427344069661544
fi,pos,7,all,0.0001711619868983926,0.7362968641085019,-0.45644212224700464
fi,pos,7,stopwords,0.000136491483383608,0.6592786386990925,-0.3679412260051002
fi,pos,7,content,0.00012750418847635162,0.5742312427756866,-0.20398623032299634
fi,pos,7,function,0.0032474443701888565,0.9606041871960662,-1.0302439439919142
fi,pos,8,all,0.00017112902339496463,0.7363341205757804,-0.45634941729070033
fi,pos,8,stopwords,0.00013649023393004752,0.6593871278724084,-0.36794190922233105
fi,pos,8,content,0.00012754268521923063,0.5744144095736516,-0.20415046896560213
fi,pos,8,function,0.003325660255934259,0.9597751547874365,-1.0295456783174044
fi,pos,9,all,0.00017125371051537772,0.7363340460590635,-0.4563871828864831
fi,pos,9,stopwords,0.00013655213767910086,0.6592430626762551,-0.36784850555588255
fi,pos,9,content,0.00012759386811528437,0.5741908582638597,-0.2040903126711254
fi,pos,9,function,0.0032355634761515803,0.960780763783319,-1.0315822192056006
fr,vanilla,0,all,0.0004969528517554403,0.9546617912146124,-0.9203776752178078
fr,vanilla,0,stopwords,0.0003799251765346844,0.9390816045838827,-0.7667430068635134
fr,vanilla,0,content,0.0004382331574003733,0.9304710717413205,-0.6821789993482654
fr,vanilla,0,function,0.0015936919302535536,0.9812040770998841,-1.3689205537397497
fr,token,0,all,0.0007701636039609829,0.8867819082360108,-0.7618198297456437
fr,token,0,stopwords,0.000641860233770245,0.8423531163656772,-0.5945277838718581
fr,token,0,content,0.0007458561132307746,0.8355407794132835,-0.5262642459934606
fr,token,0,function,0.0025027220288312093,0.9669250061973986,-1.304654682396826
fr,token,1,all,0.0007689891642762682,0.8869074373353923,-0.7622302745240236
fr,token,1,stopwords,0.0006408734032507553,0.8425865210074761,-0.5953691219879238
fr,token,1,content,0.0007458525006677308,0.8361273869595871,-0.5292274467223008
fr,token,1,function,0.0024969523049101013,0.9669126752715264,-1.3050012637645005
fr,token,2,all,0.000768389874522542,0.8868351284805834,-0.7621467959874939
fr,token,2,stopwords,0.0006402810796162273,0.8425222454074828,-0.5953779544584834
fr,token,2,content,0.0007447836147423669,0.8359842191590053,-0.5291945602444182
fr,token,2,function,0.0024928867109265296,0.9669627291328314,-1.3056593769517626
fr,token,3,all,0.0007691107109737106,0.8868986801353279,-0.7622266320321176
fr,token,3,stopwords,0.0006408985247995916,0.8426151198213264,-0.5954025818546054
fr,token,3,content,0.0007456390318744425,0.8362393529731676,-0.5293055074835731
fr,token,3,function,0.0024825291262540977,0.9668604688552728,-1.3078655045242409
fr,token,4,all,0.0007682833115983323,0.8869011494817689,-0.7622247062446774
fr,token,4,stopwords,0.0006402095215496104,0.8426057338767035,-0.5955233957837803
fr,token,4,content,0.0007448292951689554,0.8360572752681266,-0.529332377087984
fr,token,4,function,0.0025057998118172063,0.9664549065221585,-1.3034592300452859
fr,token,5,all,0.0007697403851446436,0.8868216880939316,-0.762104498528064
fr,token,5,stopwords,0.0006414188719621893,0.8425516995371646,-0.5954223445399758
fr,token,5,content,0.0007463135772248604,0.8359601598066658,-0.5290900256468847
fr,token,5,function,0.0024966425453684955,0.9667395022013836,-1.305650034265723
fr,token,6,all,0.0007702585619016618,0.8869946110654792,-0.7624702805676347
fr,token,6,stopwords,0.0006418481880946003,0.8427073097260542,-0.5956783013067722
fr,token,6,content,0.0007467761649017345,0.8362975994034006,-0.5297314226803542
fr,token,6,function,0.00249234463172872,0.9672453656975966,-1.3069094432062711
fr,token,7,all,0.000768477735510455,0.8869370861067869,-0.7623532910166206
fr,token,7,stopwords,0.0006403466419806859,0.842600914293754,-0.5954963473537261
fr,token,7,content,0.0007449609708576804,0.8361085256335805,-0.5292535171009765
fr,token,7,function,0.002491144313504999,0.9672773979873196,-1.306673086653812
fr,token,8,all,0.0007696754217381142,0.8867707954629632,-0.7621081331925442
fr,token,8,stopwords,0.0006413721779904124,0.8423323156982361,-0.5952614870544254
fr,token,8,content,0.0007458987285962397,0.8358128997297639,-0.5291392416590267
fr,token,8,function,0.002484542563274533,0.9668972304763408,-1.3087294434844072
fr,token,9,all,0.0007687021480492246,0.8869597314234903,-0.7624375101437171
fr,token,9,stopwords,0.0006403949739681326,0.842730851370585,-0.5958088423265571
fr,token,9,content,0.0007450749524612623,0.8361665677454289,-0.529512972669721
fr,token,9,function,0.0024781344127575706,0.9668516996636481,-1.3076525799732834
fr,pos,0,all,0.0007515693913635296,0.8871857344241024,-0.7721249071690544
fr,pos,0,stopwords,0.0005999948479389564,0.8436130138918101,-0.6187220944280212
fr,pos,0,content,0.0007096263627970776,0.8344679992340314,-0.5308300763091555
fr,pos,0,function,0.0021225963470119986,0.9632671444574987,-1.2832667967914266
fr,pos,1,all,0.0007517879416698685,0.8871432156829957,-0.7720555306863008
fr,pos,1,stopwords,0.0006000397397708389,0.8434240078461883,-0.6185827245981418
fr,pos,1,content,0.0007100749646236043,0.8342644907514676,-0.5305106409711776
fr,pos,1,function,0.002117438665387707,0.9637014953616242,-1.2819265843141552
fr,pos,2,all,0.0007520265332363031,0.8872097210136681,-0.7721782536125865
fr,pos,2,stopwords,0.0006002445162181884,0.8436018759794204,-0.6187522568792432
fr,pos,2,content,0.000709998054583393,0.8344175101282084,-0.5307746626621495
fr,pos,2,function,0.0021236247669129144,0.9634589337581437,-1.2822717917748538
fr,pos,3,all,0.0007515815887028531,0.8871354236459456,-0.7721001308275973
fr,pos,3,stopwords,0.0005997913341785398,0.8434255256976083,-0.6186370716896583
fr,pos,3,content,0.0007097788373297348,0.8341527626386482,-0.5305018466772524
fr,pos,3,function,0.002122331450976914,0.9631628021652079,-1.2814724882278534
fr,pos,4,all,0.0007523138401350685,0.8871521330597096,-0.7719686318318538
fr,pos,4,stopwords,0.0006006074951590652,0.8434964516926137,-0.6185043121568365
fr,pos,4,content,0.0007104771949066281,0.8342979763883298,-0.5305190183118498
fr,pos,4,function,0.0021305743923039537,0.9635206278382572,-1.2812642260108567
fr,pos,5,all,0.0007514357059332183,0.887052888791398,-0.7719695857951611
fr,pos,5,stopwords,0.0005997414936963725,0.8433518309186041,-0.6185213452974667
fr,pos,5,content,0.0007095684617789083,0.8342349314806321,-0.530540243807196
fr,pos,5,function,0.0021289226876146034,0.9637478377673742,-1.2809279795053332
fr,pos,6,all,0.0007529795449634007,0.8871273413039586,-0.7719508206597384
fr,pos,6,stopwords,0.0006010945076460987,0.8435012342149346,-0.6185727389099844
fr,pos,6,content,0.0007108396420923114,0.834416395320905,-0.5307330248704556
fr,pos,6,function,0.0021354671778931605,0.9634629931551106,-1.2807530076062725
fr,pos,7,all,0.0007511936011472169,0.8872062544092693,-0.7721314427203103
fr,pos,7,stopwords,0.0005995175418949362,0.8435970110292321,-0.6187735998435612
fr,pos,7,content,0.0007096826784372487,0.8343048829551791,-0.5305974177658372
fr,pos,7,function,0.0021320235294370626,0.9635028036784814,-1.280386898225883
fr,pos,8,all,0.0007523073301327842,0.8871037722985677,-0.7721030088626434
fr,pos,8,stopwords,0.0006006464818333478,0.8434420074742542,-0.6186797900393537
fr,pos,8,content,0.0007107684049119838,0.8343206856904235,-0.5307151742092816
fr,pos,8,function,0.0021179840395775867,0.9637071392504574,-1.2840370543920647
fr,pos,9,all,0.000751194030141881,0.8872287999135938,-0.7722764391136069
fr,pos,9,stopwords,0.0005995832615589759,0.8436411026049041,-0.6188732238385881
fr,pos,9,content,0.000709695886464787,0.8344826437881009,-0.5308854608065434
fr,pos,9,function,0.002123780588110023,0.9638217989498207,-1.282653468994186
de,vanilla,0,all,0.00017431233184467536,0.9288425038000014,-0.8090559205843977
de,vanilla,0,stopwords,0.00012094338438538825,0.9068068306165614,-0.6833027315086084
de,vanilla,0,content,0.00012026523656923812,0.8779564217255139,-0.5439496414522208
de,vanilla,0,function,0.002384059111522153,0.9688555651459015,-1.5418068170293464
de,token,0,all,0.000269768549627511,0.8350736960672445,-0.6236039140392203
de,token,0,stopwords,0.00019550626116470281,0.7472116241214922,-0.442953422595384
de,token,0,content,0.00019663841528978266,0.7172764672880108,-0.33912422937436004
de,token,0,function,0.003441050935609701,0.9550033756919512,-1.4606581343359497
de,token,1,all,0.00026832236497066755,0.8349916248014757,-0.6234012492372996
de,token,1,stopwords,0.00019425171735494337,0.7467764751882775,-0.44259961995648667
de,token,1,content,0.0001950411126066701,0.7168820031671799,-0.3383876774306826
de,token,1,function,0.0034383656509695292,0.9547405579520564,-1.4581616674270375
de,token,2,all,0.0002674549893351733,0.8349913514230112,-0.6233840637661442
de,token,2,stopwords,0.00019366825692413299,0.7469357884758261,-0.44281600335650173
de,token,2,content,0.00019449216721469616,0.7164804507029268,-0.3380143070503487
de,token,2,function,0.0034176380890535586,0.9556277502749335,-1.4603709223927102
de,token,3,all,0.0002664271878565509,0.8349561861699447,-0.6232558402211767
de,token,3,stopwords,0.00019281318805425976,0.7468630417446882,-0.44275638625737973
de,token,3,content,0.00019334911671562368,0.7158847930183156,-0.3373917680828813
de,token,3,function,0.0033953781273468597,0.95572070220027,-1.4629601804986558
de,token,4,all,0.0002657901065327343,0.8349144994502147,-0.6230883885661777
de,token,4,stopwords,0.00019242095172393664,0.7469268841692487,-0.44270086730504166
de,token,4,content,0.00019312637639245925,0.7160031277707397,-0.33713193554856746
de,token,4,function,0.0034217442580032962,0.9555686055707374,-1.4550766403275324
de,token,5,all,0.00026517179544485443,0.8346012213390935,-0.6227567448421415
de,token,5,stopwords,0.00019191610063941088,0.746507270363223,-0.4425379560993332
de,token,5,content,0.00019218227994157163,0.7151901953787425,-0.3364587889039165
de,token,5,function,0.003396372578827012,0.9553887014089529,-1.458999967691054
de,token,6,all,0.000264073678419595,0.8346738016323325,-0.6227785395608527
de,token,6,stopwords,0.0001910223278712481,0.7465464860780735,-0.4425537796964705
de,token,6,content,0.0001912237203155821,0.7150765000929635,-0.3360791259260556
de,token,6,function,0.0033905000933653934,0.9550796212438493,-1.458671978523587
de,token,7,all,0.00026334891232419286,0.8346091523610246,-0.6227175862153906
de,token,7,stopwords,0.00019046255441684378,0.7461935149535879,-0.44233615172934504
de,token,7,content,0.0001907346245642831,0.7143685693411435,-0.33538462694465254
de,token,7,function,0.0033931573651891193,0.9555075241262109,-1.4574512337427898
de,token,8,all,0.00026319987428097155,0.8345675856995325,-0.6225844530570515
de,token,8,stopwords,0.00019038319838818177,0.7463414676750812,-0.442513388446232
de,token,8,content,0.0001905142383079306,0.7143738396574324,-0.3355202637897167
de,token,8,function,0.0033761947654904656,0.9556786913009306,-1.459683636023618
de,token,9,all,0.000262304438670508,0.8346090678368817,-0.6224922409409509
de,token,9,stopwords,0.00018973422685518456,0.7463768453509835,-0.44242486231133676
de,token,9,content,0.00018962945067504467,0.7142331584562575,-0.33502539159815453
de,token,9,function,0.003330937557943745,0.9565312510755645,-1.4660676388589091
de,pos,0,all,0.0002567172470995655,0.8335034196189404,-0.6333016510161564
de,pos,0,stopwords,0.00018836105600740594,0.7551799856387538,-0.4886251490842385
de,pos,0,content,0.00018120432630060104,0.7097052357305702,-0.3301515958672736
de,pos,0,function,0.002919123743006162,0.9544062459735576,-1.4638191151389377
de,pos,1,all,0.0002567699709017863,0.8334784251808104,-0.633188570025769
de,pos,1,stopwords,0.0001884299466596134,0.7552879538643675,-0.48873472984463884
de,pos,1,content,0.0001812054640479681,0.7094806864644259,-0.329754758712649
de,pos,1,function,0.0029003631831277664,0.9551362804666238,-1.4679880444776308
de,pos,2,all,0.00025664159306151325,0.8334484822028594,-0.6331982899126349
de,pos,2,stopwords,0.00018834350805880956,0.7552372183932529,-0.48861109074072473
de,pos,2,content,0.00018107075767700656,0.7098049640887061,-0.3301879521908122
de,pos,2,function,0.0029080482317526512,0.9548480067292847,-1.4671907367218056
de,pos,3,all,0.0002569204972219523,0.8335902767717336,-0.6334067916598122
de,pos,3,stopwords,0.0001884825927395358,0.755257100179759,-0.48874927647746774
de,pos,3,content,0.0001814012003546203,0.7095351649364428,-0.32997966117478006
de,pos,3,function,0.0029013964669764906,0.9553882914923418,-1.4683594173665235
de,pos,4,all,0.0002569126605634919,0.8334621562954357,-0.6330704958194465
de,pos,4,stopwords,0.00018852941024356354,0.7551394433914359,-0.48842984226461605
de,pos,4,content,0.00018114599077338566,0.7093178860804017,-0.32963162800562384
de,pos,4,function,0.002916701983985715,0.9545242441734046,-1.4642299975138253
de,pos,5,all,0.0002566528751843815,0.8336832105681491,-0.6335003737198619
de,pos,5,stopwords,0.00018839751828681243,0.75552144486344,-0.48893467142297803
de,pos,5,content,0.00018116965231484636,0.7097374222431232,-0.330230990899392
de,pos,5,function,0.002901008985533219,0.9554449697477149,-1.468467386431796
de,pos,6,all,0.00025652184935454146,0.833571802759901,-0.6333474963862971
de,pos,6,stopwords,0.00018824573242987608,0.7553961710919948,-0.48876528686037196
de,pos,6,content,0.00018116259239264176,0.7094921905393338,-0.3296002478126756
de,pos,6,function,0.002919801835531887,0.9547404002057303,-1.4634707273181766
de,pos,7,all,0.00025685075910215953,0.833512395154457,-0.6332900855000108
de,pos,7,stopwords,0.00018850487566821875,0.7553029804879561,-0.48875264009530983
de,pos,7,content,0.00018117334088753347,0.7096396193289182,-0.33004947384029265
de,pos,7,function,0.0029169925950681685,0.9549854599150354,-1.465285180253054
de,pos,8,all,0.0002568212664004393,0.833761677432865,-0.6336640217565428
de,pos,8,stopwords,0.0001884349505852127,0.7556689202650917,-0.4890389899494386
de,pos,8,content,0.00018149693222084743,0.7096663814043618,-0.3303405429964636
de,pos,8,function,0.002927034822472955,0.954398958857281,-1.463110617843401
de,pos,9,all,0.00025658471816245547,0.8336120300931478,-0.6335592301390409
de,pos,9,stopwords,0.00018823755966746345,0.7553930632488371,-0.4889027846089327
de,pos,9,content,0.00018108461234283646,0.7097393462260753,-0.33019237179886324
de,pos,9,function,0.002901428757096763,0.9547174990140547,-1.4676041768831565
pl,vanilla,0,all,0.000250007505800277,0.9335813535280933,-0.8015444360555631
pl,vanilla,0,stopwords,0.0002013899748710061,0.9185545284174464,-0.7112740007462959
pl,vanilla,0,content,0.00018471255334057504,0.9024109585683617,-0.5970989969696988
pl,vanilla,0,function,0.0024553519954256934,0.982796860707264,-1.4707627911197805
pl,token,0,all,0.0004124366020711883,0.81895739635009,-0.5771877745238756
pl,token,0,stopwords,0.00035269340973955815,0.7599572821004943,-0.4546724704016593
pl,token,0,content,0.0003217933546243258,0.7065768110290742,-0.31162100767700723
pl,token,0,function,0.0039376546072974646,0.9722720552559683,-1.388048694167091
pl,token,1,all,0.00041267290013338937,0.8192929311458161,-0.5782139170604633
pl,token,1,stopwords,0.00035295611401429613,0.7603629066842758,-0.456225341897232
pl,token,1,content,0.00032240462023102776,0.7070096074254011,-0.31198563846520666
pl,token,1,function,0.003903614648338674,0.97222412367943,-1.3940581631591127
pl,token,2,all,0.00041224635151779535,0.8192330998358085,-0.5781302571535774
pl,token,2,stopwords,0.00035247586560028865,0.7602974801634796,-0.45615607574377515
pl,token,2,content,0.0003220169584995511,0.7067901795784001,-0.31165332026166165
pl,token,2,function,0.003917011019283746,0.9726324494543915,-1.3928106303633254
pl,token,3,all,0.0004121899503154584,0.8191401250530017,-0.5780921240843893
pl,token,3,stopwords,0.00035236288868566114,0.7600493402352527,-0.45598892045731065
pl,token,3,content,0.0003217820410331863,0.7062804288923403,-0.31130349059908036
pl,token,3,function,0.003932457108187628,0.9721437249762664,-1.3908469181085945
pl,token,4,all,0.00041217377930052,0.8191624210998454,-0.5780531156036409
pl,token,4,stopwords,0.000352456137401164,0.7602327434577827,-0.45610020198461954
pl,token,4,content,0.000321777971410153,0.7065746165407869,-0.31148382589784424
pl,token,4,function,0.003912325949663612,0.9727990885612423,-1.392904885294337
pl,token,5,all,0.00041214486486686424,0.819198432921287,-0.5780990537558317
pl,token,5,stopwords,0.0003523730786003179,0.7602378871510858,-0.4561708820753402
pl,token,5,content,0.0003218089519585527,0.7066355816146932,-0.31148678063072216
pl,token,5,function,0.0039298949607391165,0.9725425410516173,-1.3898925178768855
pl,token,6,all,0.0004125840107073523,0.8192381181306718,-0.5782267613476316
pl,token,6,stopwords,0.00035275770912629944,0.7602744477197989,-0.45631906227678076
pl,token,6,content,0.0003221600448465165,0.706668274509617,-0.31166332672777564
pl,token,6,function,0.003910495844343247,0.9726993062881357,-1.3929043909394547
pl,token,7,all,0.0004126718857607967,0.8191255391686838,-0.5780160709448601
pl,token,7,stopwords,0.00035287306338088016,0.7601538232266072,-0.4560514453649259
pl,token,7,content,0.00032222970532070857,0.7065297226200318,-0.3114024735528386
pl,token,7,function,0.003934580030359251,0.9723534706565671,-1.3883416724388569
pl,token,8,all,0.0004127034523070125,0.8191710036669755,-0.5781702043497372
pl,token,8,stopwords,0.00035288868986866256,0.7602723244253542,-0.45632166683094894
pl,token,8,content,0.00032230192409432004,0.7065564450211622,-0.3115747192308637
pl,token,8,function,0.003916278977155601,0.9727206900407436,-1.3907331186656453
pl,token,9,all,0.0004122514124389488,0.8190998683592956,-0.5779868763620749
pl,token,9,stopwords,0.00035252197274268773,0.7601960473541387,-0.4561591453963895
pl,token,9,content,0.00032176631962239314,0.7065464211166338,-0.31145704137360614
pl,token,9,function,0.003940216754745976,0.971813647448242,-1.3883553846879428
pl,pos,0,all,0.00040528097346714445,0.8200417815721173,-0.5900785682381262
pl,pos,0,stopwords,0.0003368692894191963,0.7588681534434911,-0.46966033671624574
pl,pos,0,content,0.00031387611515802714,0.7094217666999068,-0.3142337240752112
pl,pos,0,function,0.003331791763294364,0.9737046864430139,-1.4359701116173702
pl,pos,1,all,0.0004060421716181679,0.8202219066490021,-0.5903352462408655
pl,pos,1,stopwords,0.0003374563792522568,0.7590917438325298,-0.4698955666891566
pl,pos,1,content,0.00031468171487274274,0.709811814083255,-0.3145245768652647
pl,pos,1,function,0.003317626880077614,0.9733763509249778,-1.4396111735882395
pl,pos,2,all,0.0004064010375743755,0.820177825371755,-0.5900806496583867
pl,pos,2,stopwords,0.0003378158795988677,0.7589538407095562,-0.4694690107089428
pl,pos,2,content,0.000314830984911606,0.7095550739661491,-0.31418072062555075
pl,pos,2,function,0.0033385635714988635,0.9734588773668517,-1.4373880767932465
pl,pos,3,all,0.00040550901663212756,0.8200373789913569,-0.5900780012708506
pl,pos,3,stopwords,0.0003370363303785167,0.7586560376532552,-0.4693854869049662
pl,pos,3,content,0.0003143782213206706,0.7092732311245538,-0.31413272622275823
pl,pos,3,function,0.003320174073989398,0.9737359251024693,-1.43903292252637
pl,pos,4,all,0.0004058800670156924,0.8201890308146018,-0.5903135265887939
pl,pos,4,stopwords,0.00033732189411401917,0.7587853526373985,-0.46951435898650945
pl,pos,4,content,0.00031450106105799624,0.7097330544580182,-0.3144635389946441
pl,pos,4,function,0.0033408001320067715,0.9735523010503366,-1.4378971075703113
pl,pos,5,all,0.00040592604765033943,0.8201785133369559,-0.5902696431454163
pl,pos,5,stopwords,0.0003373390661043179,0.7589597135490398,-0.46957468743699937
pl,pos,5,content,0.0003145881799187502,0.7096483918005237,-0.314510277429672
pl,pos,5,function,0.0033221000010934297,0.9732104058100691,-1.4390415877524132
pl,pos,6,all,0.00040577275107580094,0.8201267622523969,-0.5901466353785706
pl,pos,6,stopwords,0.0003373251860108634,0.759066780967784,-0.4697054001266105
pl,pos,6,content,0.00031456978781080444,0.709753508140045,-0.31454330415682114
pl,pos,6,function,0.0033203604540317233,0.973244439456257,-1.440324337775499
pl,pos,7,all,0.0004055486543680013,0.8199638421104484,-0.5899166602391266
pl,pos,7,stopwords,0.0003371638726928684,0.758716475024324,-0.4694490524436667
pl,pos,7,content,0.00031438803165524285,0.7091662036054927,-0.31385379339358727
pl,pos,7,function,0.003288054580028608,0.9745828300526165,-1.4421182578582852
pl,pos,8,all,0.000405517817024035,0.8201120213171044,-0.5901471204053224
pl,pos,8,stopwords,0.00033702288873217414,0.7588136939144156,-0.46946938151802564
pl,pos,8,content,0.00031418329437343204,0.7094108041902505,-0.31410019425426733
pl,pos,8,function,0.003331232623167387,0.973718158507746,-1.4379508775997343
pl,pos,9,all,0.00040561160433861653,0.8200329702151912,-0.589929805944788
pl,pos,9,stopwords,0.00033711561071090765,0.7587836078184909,-0.4694415870455775
pl,pos,9,content,0.0003143634241970692,0.709620240727399,-0.31418049001012727
pl,pos,9,function,0.0033193043004585447,0.9742328802893828,-1.438902824548493
pt,vanilla,0,all,0.0005275994622308544,0.9538616676760017,-0.9099030515547095
pt,vanilla,0,stopwords,0.00040595945670437826,0.9394635875936723,-0.7662020160585091
pt,vanilla,0,content,0.0005512526090624429,0.9333120742040757,-0.6959909698463789
pt,vanilla,0,function,0.002542710363734229,0.9788163390384644,-1.5644847241624265
pt,token,0,all,0.0008227311203727101,0.8819277598876625,-0.7334272311777469
pt,token,0,stopwords,0.0006936039403625908,0.8363293167936914,-0.5581742241864874
pt,token,0,content,0.0009276091980909092,0.8390075051151756,-0.4962062403207792
pt,token,0,function,0.004003581733160879,0.9689185089754789,-1.5229882561610524
pt,token,1,all,0.0008208250282948304,0.8819416100105064,-0.7336526883994577
pt,token,1,stopwords,0.0006918616936341013,0.836300800813263,-0.5587244122095325
pt,token,1,content,0.0009264057664442662,0.8390757562431446,-0.4960702068337638
pt,token,1,function,0.003970016075907608,0.969512317801619,-1.5265356236855279
pt,token,2,all,0.0008211371555930007,0.8820456627674874,-0.7339602654071952
pt,token,2,stopwords,0.0006921745835255855,0.8365175394915751,-0.5590025330685058
pt,token,2,content,0.0009260105348020631,0.8392449228049736,-0.49637310327095213
pt,token,2,function,0.003957553320172384,0.9695691887329101,-1.5281587544167765
pt,token,3,all,0.0008212601641824567,0.8819723001945484,-0.7337798275667191
pt,token,3,stopwords,0.0006922611408240855,0.836249806849735,-0.5586729287666886
pt,token,3,content,0.0009262489193235028,0.8391439003774085,-0.4963719263987109
pt,token,3,function,0.0039949939518979525,0.9690559163947494,-1.5220636572489359
pt,token,4,all,0.0008227471905318224,0.8819108007906894,-0.7336723214476193
pt,token,4,stopwords,0.0006937247601006646,0.8363567613038831,-0.5589875028867622
pt,token,4,content,0.0009280814511603457,0.8391474759641809,-0.49621988983135523
pt,token,4,function,0.003974467060098759,0.9690702184349413,-1.5257312709267494
pt,token,5,all,0.0008224354721781122,0.8819694050088148,-0.7338642833487575
pt,token,5,stopwords,0.0006934074498088598,0.836410865633055,-0.5590418409835801
pt,token,5,content,0.0009274106989473612,0.8391698363642002,-0.4964389009462939
pt,token,5,function,0.0039486513517900815,0.9699034875515626,-1.5299302223750775
pt,token,6,all,0.0008220813112416681,0.8820619294623804,-0.7339805483941838
pt,token,6,stopwords,0.0006930982493955265,0.8364681651539583,-0.5590313204356352
pt,token,6,content,0.0009270746895997506,0.8392941213813194,-0.4964300200002994
pt,token,6,function,0.00398556833831669,0.9690990453778108,-1.5248158852180245
pt,token,7,all,0.0008223922729876023,0.8819835881400193,-0.7338329727069313
pt,token,7,stopwords,0.0006932674676618426,0.8363342513511259,-0.5589615607760853
pt,token,7,content,0.0009276896115204017,0.8391777222085695,-0.4964395742235269
pt,token,7,function,0.0039945750357387845,0.9691655244202377,-1.5230157083370341
pt,token,8,all,0.0008212160037369519,0.8820388689613547,-0.7339542033984255
pt,token,8,stopwords,0.0006923493853980787,0.8364121436500311,-0.5590577714812802
pt,token,8,content,0.0009257011856475083,0.8392869056979535,-0.49657667045124493
pt,token,8,function,0.003989024396629819,0.9690913658794407,-1.5225542181221832
pt,token,9,all,0.0008227321075510376,0.8820050781190182,-0.7337749885061393
pt,token,9,stopwords,0.0006936864729262997,0.8363794604889768,-0.5589604509044359
pt,token,9,content,0.0009273050492957162,0.8391695636817029,-0.4963986650466115
pt,token,9,function,0.0039867203577544,0.969718351064556,-1.5253515124293988
pt,pos,0,all,0.0008390195083275776,0.8826812963826423,-0.7421588248665884
pt,pos,0,stopwords,0.0006704089390380621,0.8369418309570361,-0.5733195271038705
pt,pos,0,content,0.0009288108371891122,0.8426253073676203,-0.5040759987895527
pt,pos,0,function,0.003205769872333584,0.9654006381374889,-1.5080704573775
pt,pos,1,all,0.0008381657327912251,0.8827109683701055,-0.7422897280117732
pt,pos,1,stopwords,0.0006696354467941105,0.8369841650806604,-0.5733463709208867
pt,pos,1,content,0.0009283477322120605,0.8426432130222177,-0.5041715363544398
pt,pos,1,function,0.0032053687499771864,0.9652698756890532,-1.5078266222643508
pt,pos,2,all,0.0008383471005280754,0.8827330971915278,-0.7424398942685043
pt,pos,2,stopwords,0.0006698007764328813,0.8369199552931992,-0.5734161125614761
pt,pos,2,content,0.0009287895815223984,0.8425060893648094,-0.5040901265697921
pt,pos,2,function,0.0031941774362336793,0.9656627706065694,-1.5082842050658036
pt,pos,3,all,0.0008379603532325363,0.8826416372244306,-0.7424431596001607
pt,pos,3,stopwords,0.0006693036866282176,0.8367966800970099,-0.5733231348559367
pt,pos,3,content,0.0009279957141757423,0.8424344090705941,-0.5040257069717893
pt,pos,3,function,0.0031875589173531106,0.9655103660411868,-1.5085516832206425
pt,pos,4,all,0.0008374838498897129,0.8825466868405896,-0.7421222182149854
pt,pos,4,stopwords,0.0006690803983870288,0.836685154233614,-0.5729331209308265
pt,pos,4,content,0.0009272176115644131,0.842349884966563,-0.5038339234619135
pt,pos,4,function,0.0031636119126761445,0.9655489897014924,-1.5133744752513412
pt,pos,5,all,0.0008380890084928432,0.8826775416959973,-0.7423796492008637
pt,pos,5,stopwords,0.0006695874299483539,0.8368896961069208,-0.5733108953823249
pt,pos,5,content,0.0009284447756130187,0.8424297528334564,-0.5038969014195939
pt,pos,5,function,0.0031787342255123526,0.9660975318465782,-1.512778635253799
pt,pos,6,all,0.0008383763451407547,0.8827329222968352,-0.7424616343934759
pt,pos,6,stopwords,0.0006697600568683316,0.8369566742508732,-0.5734620231560893
pt,pos,6,content,0.0009282641803706101,0.842467094903294,-0.5041128146087459
pt,pos,6,function,0.003196784731550267,0.9655137420047372,-1.5081401378233497
pt,pos,7,all,0.0008384107135623501,0.8825697328033085,-0.7420917270089441
pt,pos,7,stopwords,0.0006698137727317958,0.8366853864512657,-0.5730566397977007
pt,pos,7,content,0.0009288563047489109,0.8422935943605936,-0.5036497372858191
pt,pos,7,function,0.0031853126321572814,0.9660622629042556,-1.5107294028135665
pt,pos,8,all,0.0008391218512416155,0.8826454991078925,-0.7423037656626423
pt,pos,8,stopwords,0.0006703377908624823,0.8368991800537736,-0.5732079929455361
pt,pos,8,content,0.0009292538598148142,0.8424080115159058,-0.5039909696998247
pt,pos,8,function,0.003199472251338134,0.9654225302866789,-1.5091080597478135
pt,pos,9,all,0.0008379325055325191,0.8826109826307938,-0.7422863367860966
pt,pos,9,stopwords,0.000669416945552381,0.8368076183675864,-0.57327154810427
pt,pos,9,content,0.000927281652950807,0.8423442894166289,-0.5039843277094364
pt,pos,9,function,0.003213591758283347,0.9652575190587341,-1.5055339118570688
ro,vanilla,0,all,0.0005431620410501218,0.955442785736099,-0.9444026154099492
ro,vanilla,0,stopwords,0.0004240407850089568,0.9419513343676746,-0.8105969741174204
ro,vanilla,0,content,0.0004891892324513532,0.93151785298356,-0.7121101163046555
ro,vanilla,0,function,0.004493848437440143,0.983617673518619,-1.7526835655834505
ro,token,0,all,0.0009983587108151038,0.8657051477224436,-0.6885248120260997
ro,token,0,stopwords,0.0008355344421831124,0.8146584286307167,-0.5203718165004453
ro,token,0,content,0.0009490805524613216,0.7882172842553854,-0.3950566841117891
ro,token,0,function,0.006972900592534759,0.9781253166602797,-1.6455458614328495
ro,token,1,all,0.0009977980941409754,0.865724362991455,-0.688960978244152
ro,token,1,stopwords,0.0008349189481551688,0.8146022895402675,-0.5210895206869367
ro,token,1,content,0.0009497924171389518,0.7879739182678837,-0.3947765284437554
ro,token,1,function,0.007054641175733677,0.9777461060485615,-1.6392095136850933
ro,token,2,all,0.0009988425818340096,0.8658462597296555,-0.6889846369992367
ro,token,2,stopwords,0.0008358050642110268,0.8147013482853748,-0.5211659894852838
ro,token,2,content,0.0009504409252040136,0.7879235175349166,-0.3948427246352181
ro,token,2,function,0.007004739134480283,0.9781459069958267,-1.644092550317125
ro,token,3,all,0.0009984594030034853,0.8657330055398147,-0.688858118073057
ro,token,3,stopwords,0.0008355343449244546,0.814512041927894,-0.5208651080223586
ro,token,3,content,0.0009498442297935786,0.7880079136718826,-0.39447091851014093
ro,token,3,function,0.007046454122090542,0.9780591843183457,-1.640488008664627
ro,token,4,all,0.0009977028087821253,0.8658448217351993,-0.6890706759318435
ro,token,4,stopwords,0.0008349789541339091,0.8147689605138265,-0.5212197762329498
ro,token,4,content,0.0009492938053452336,0.7881328574882646,-0.3949288029371076
ro,token,4,function,0.007003699508620838,0.977807148924092,-1.6434546563166579
ro,token,5,all,0.0009975936049807334,0.8656610690395897,-0.6887930933546026
ro,token,5,stopwords,0.0008349729691325733,0.8145282336615268,-0.5209806178425838
ro,token,5,content,0.000949375320647516,0.7877188707323677,-0.3944502760145407
ro,token,5,function,0.0070204634756044,0.9779457222344303,-1.6429857312299088
ro,token,6,all,0.0009982608679980954,0.8658105665869478,-0.6889911760636106
ro,token,6,stopwords,0.0008353179787040838,0.8147627149399251,-0.5212546504839572
ro,token,6,content,0.0009496715655168279,0.7881100245559237,-0.394693533334111
ro,token,6,function,0.006968222276167253,0.978175883450456,-1.6461605414072797
ro,token,7,all,0.0009976617076773023,0.8657191446765702,-0.6887852762737516
ro,token,7,stopwords,0.0008348295523817257,0.8145307898152279,-0.5210081049020012
ro,token,7,content,0.0009491478494294821,0.7878836169552619,-0.3945978931514617
ro,token,7,function,0.007037097489355531,0.977622489746375,-1.6412729138268847
ro,token,8,all,0.0009964612842304427,0.8657938392273942,-0.6889901953962905
ro,token,8,stopwords,0.0008337371075996928,0.8146272964899441,-0.5210968853455735
ro,token,8,content,0.0009479003092169598,0.7878026387367726,-0.39444269595821474
ro,token,8,function,0.0069801779735508785,0.9781198309674904,-1.6449832327683163
ro,token,9,all,0.00099868617741167,0.8658520958535051,-0.6890947065316753
ro,token,9,stopwords,0.0008359340592755013,0.8148069988591118,-0.521268713230233
ro,token,9,content,0.000950356199661674,0.7879833264519521,-0.3944419682924513
ro,token,9,function,0.006990444278912905,0.9782858749555957,-1.644375651619482
ro,pos,0,all,0.0009160251293539265,0.8631395652121315,-0.6932396161361863
ro,pos,0,stopwords,0.0007615405628463225,0.811866583277301,-0.5443012913067413
ro,pos,0,content,0.0008919492253386829,0.786756610970851,-0.3912136259485345
ro,pos,0,function,0.005548977587009351,0.9790294567670111,-1.6451931782262263
ro,pos,1,all,0.0009159110620697151,0.8632149043023598,-0.693366137761249
ro,pos,1,stopwords,0.0007614476058493472,0.811863475681925,-0.5443586976979155
ro,pos,1,content,0.0008923012457052661,0.7869328707352993,-0.3913336640836871
ro,pos,1,function,0.005527621817054585,0.9788290663247289,-1.6482488744494295
ro,pos,2,all,0.0009163964144540868,0.8629870733297559,-0.6931478242784829
ro,pos,2,stopwords,0.0007617810273512866,0.8115449369076807,-0.5440471710416919
ro,pos,2,content,0.0008925711689665654,0.7866336140677224,-0.3910805520142092
ro,pos,2,function,0.005595541972013814,0.9787094316005686,-1.6411971190885883
ro,pos,3,all,0.0009158526221739749,0.8632226514892906,-0.693418498498316
ro,pos,3,stopwords,0.0007613518463053398,0.811947873689592,-0.5445388744503007
ro,pos,3,content,0.0008920349423662463,0.7869416911754349,-0.39136562899590654
ro,pos,3,function,0.005546005392221832,0.9787776110822931,-1.64611922872183
ro,pos,4,all,0.0009163575539558407,0.863022439670863,-0.6930858626345394
ro,pos,4,stopwords,0.0007617583432027063,0.8115437628872173,-0.5440094749452512
ro,pos,4,content,0.00089242344963337,0.7865463907283969,-0.39095249004637156
ro,pos,4,function,0.005568461975060864,0.9787961630001696,-1.643007213623282
ro,pos,5,all,0.0009163950738529533,0.8630972048515947,-0.6931291289806338
ro,pos,5,stopwords,0.0007618640814016866,0.8116549880352412,-0.5440810870757793
ro,pos,5,content,0.0008921795118309732,0.7866157284670945,-0.3910171203445638
ro,pos,5,function,0.005560315959717294,0.9786099102829803,-1.6452245074320038
ro,pos,6,all,0.0009163117013632628,0.86315049399262,-0.6932666771222337
ro,pos,6,stopwords,0.0007616957849038724,0.8118139129450286,-0.5442488844583083
ro,pos,6,content,0.0008925831898405505,0.7868100155716742,-0.3912308975585164
ro,pos,6,function,0.005558994984256174,0.9786238584603063,-1.6465158685126258
ro,pos,7,all,0.0009161218406743681,0.863087848534165,-0.6931726984046892
ro,pos,7,stopwords,0.000761575950861874,0.8117211771912995,-0.5441713945363721
ro,pos,7,content,0.0008919215549973963,0.7868786054547203,-0.3911915818122873
ro,pos,7,function,0.005606550100856476,0.9784351859094073,-1.6398305660025791
ro,pos,8,all,0.0009162702746636017,0.8632066751563291,-0.6932763927459713
ro,pos,8,stopwords,0.0007617840807460465,0.8118905053874413,-0.5442576390372091
ro,pos,8,content,0.0008920458121954722,0.7870193188588585,-0.39137081363623627
ro,pos,8,function,0.005591138720476749,0.9783719105505834,-1.642621575108006
ro,pos,9,all,0.0009160572578281259,0.863104665824873,-0.6932093945633699
ro,pos,9,stopwords,0.0007616748359115296,0.8117752007654402,-0.5442085541053862
ro,pos,9,content,0.0008921757095326274,0.7867018859527231,-0.39115193615890115
ro,pos,9,function,0.005569782950521984,0.9786308099891486,-1.643655213571797
ru,vanilla,0,all,0.00021242573666550757,0.9194596450275137,-0.7474370735697253
ru,vanilla,0,stopwords,0.00016803056238031176,0.9041007304894962,-0.6676401553275316
ru,vanilla,0,content,0.00020608048153639193,0.8770192923967165,-0.5319154489022015
ru,vanilla,0,function,0.01466570963393498,0.9826765832678961,-1.6474848803022704
ru,token,0,all,0.00031308364351263464,0.7897588238249611,-0.5315542759710455
ru,token,0,stopwords,0.00025460738122843024,0.7064361301369707,-0.40504955044046154
ru,token,0,content,0.00030636447636550216,0.665925856879449,-0.26769145597429866
ru,token,0,function,0.020387657608270028,0.9821345577622957,-1.6206618825692283
ru,token,1,all,0.0003121486521538737,0.7900395571207164,-0.5327632075104969
ru,token,1,stopwords,0.00025362992908381125,0.7066386940385385,-0.406853742649791
ru,token,1,content,0.00030527551240292026,0.6658390530110264,-0.26733564665141424
ru,token,1,function,0.020250606938679614,0.9819729579872187,-1.6253423972181211
ru,token,2,all,0.00031211538797186114,0.7899871266663578,-0.5325824402143363
ru,token,2,stopwords,0.0002536244942318327,0.7064027540603558,-0.4065665927527779
ru,token,2,content,0.0003051697242391151,0.6653734288032583,-0.2669350985733225
ru,token,2,function,0.02031325867334952,0.98187820732037,-1.6236984659326852
ru,token,3,all,0.0003118021188434806,0.7899520333452092,-0.5325852856056497
ru,token,3,stopwords,0.00025327497918107574,0.7062283323309221,-0.40641208344892327
ru,token,3,content,0.0003048371391058401,0.665466032789389,-0.26683791503195664
ru,token,3,function,0.020493382410525493,0.9824460665348194,-1.6184368317404947
ru,token,4,all,0.00031128294341980855,0.7899347920452735,-0.5324641703044974
ru,token,4,stopwords,0.0002528737231901203,0.7062670569144289,-0.40641713502586085
ru,token,4,content,0.00030429445921008086,0.6649580826913297,-0.2663407239047205
ru,token,4,function,0.020496514997258988,0.9815539983265459,-1.622234841433251
ru,token,5,all,0.00031097042161019965,0.7899592577676711,-0.5326169029332001
ru,token,5,stopwords,0.0002526470460536772,0.7060986542535105,-0.4064477301568215
ru,token,5,content,0.0003039460389470291,0.6647659630348859,-0.26614172051629403
ru,token,5,function,0.02024355861852925,0.9821427176787321,-1.62376828496854
ru,token,6,all,0.00031035270523183263,0.7898804226824678,-0.5326128310107341
ru,token,6,stopwords,0.0002519825448536639,0.7061171113613076,-0.4064947184268893
ru,token,6,content,0.00030297676246668874,0.6648430251550344,-0.2662165414198349
ru,token,6,function,0.020217714777977916,0.981861664740054,-1.6278066925699362
ru,token,7,all,0.0003102129566331649,0.7899385125655723,-0.5324960735518875
ru,token,7,stopwords,0.0002518688488307202,0.7060760293396622,-0.4064342500264159
ru,token,7,content,0.00030274630677517206,0.6644761951357354,-0.26579816294712977
ru,token,7,function,0.020440911582739446,0.9818440227211127,-1.6225604233058086
ru,token,8,all,0.0003099501258550133,0.789944178408337,-0.5326858913444116
ru,token,8,stopwords,0.00025160647098923446,0.7059661366030832,-0.40637408542104037
ru,token,8,content,0.00030246020895129355,0.6643787832176575,-0.26567288311413506
ru,token,8,function,0.020352416007518206,0.9820602560106586,-1.6238441660298577
ru,token,9,all,0.00030995029209867524,0.7899009617619703,-0.532620101494313
ru,token,9,stopwords,0.00025160005379765566,0.7060757730831229,-0.4064765290895784
ru,token,9,content,0.0003023676350348787,0.6644008554347527,-0.26563939487841887
ru,token,9,function,0.020260787845563476,0.9819659263557015,-1.6257993727160693
ru,pos,0,all,0.00033541521681846155,0.7894130511569775,-0.5403037917040021
ru,pos,0,stopwords,0.00027334813951645413,0.7159472680006198,-0.42742432450908163
ru,pos,0,content,0.0003459014016942895,0.6849643397031449,-0.28593898958356445
ru,pos,0,function,0.01869855219621505,0.9812728479518379,-1.657037690326706
ru,pos,1,all,0.0003350251935775695,0.7895414578111485,-0.5406861483825764
ru,pos,1,stopwords,0.0002729277714480841,0.7157879781372392,-0.4274101299636572
ru,pos,1,content,0.00034564117530345767,0.6847797477935436,-0.28581608590799634
ru,pos,1,function,0.01874687067803435,0.9809174242849622,-1.658134733696803
ru,pos,2,all,0.0003352127932304865,0.7895185989025599,-0.5405899680966161
ru,pos,2,stopwords,0.00027313355076766894,0.7159313988481144,-0.4274779393420593
ru,pos,2,content,0.0003460213431250173,0.684888809854773,-0.2858824224874595
ru,pos,2,function,0.018809194516902716,0.9809194014385656,-1.6578980364314655
ru,pos,3,all,0.0003350943811864971,0.789646313211198,-0.5406834476996395
ru,pos,3,stopwords,0.00027304784358103153,0.7161694805247697,-0.4277129904493306
ru,pos,3,content,0.0003457563731996128,0.684979063938651,-0.28590509118217006
ru,pos,3,function,0.01873496612454264,0.9810381687780977,-1.6589482845219095
ru,pos,4,all,0.00033534391881495824,0.7896253697067179,-0.5406684173037304
ru,pos,4,stopwords,0.0002732407676611632,0.7161009222716006,-0.4276876261108551
ru,pos,4,content,0.00034601981270041183,0.6851963511124852,-0.2862031111519439
ru,pos,4,function,0.018677544160641445,0.9809000418256888,-1.6597585911974317
ru,pos,5,all,0.0003350199135962589,0.7896355914783728,-0.5407045727148156
ru,pos,5,stopwords,0.00027297640922425276,0.7161407805891858,-0.42764832384235474
ru,pos,5,content,0.00034560418524164847,0.6849715916618744,-0.2858230983552799
ru,pos,5,function,0.018795189159853645,0.980645445091503,-1.6584044071093917
ru,pos,6,all,0.00033506138087638295,0.7895565465688961,-0.5405693753938596
ru,pos,6,stopwords,0.00027298485651323966,0.7159422276496548,-0.42750374672856145
ru,pos,6,content,0.0003457701062506593,0.6848400990678324,-0.28566479797724587
ru,pos,6,function,0.0188456084452303,0.9812500445760708,-1.6537065074022466
ru,pos,7,all,0.00033515326261782075,0.7896023862003503,-0.5406442668149927
ru,pos,7,stopwords,0.00027303898208043886,0.7160497027414736,-0.42766678580793066
ru,pos,7,content,0.00034543041667126263,0.6849434796582254,-0.2859675363832261
ru,pos,7,function,0.018710456749706762,0.9808947006185815,-1.6592349937622195
ru,pos,8,all,0.0003353884815908179,0.7895428349082854,-0.5407422638201945
ru,pos,8,stopwords,0.00027324546713166904,0.7159134765540827,-0.42757695319444095
ru,pos,8,content,0.0003459690496375457,0.6851366341493343,-0.28599365834293483
ru,pos,8,function,0.01870415433903468,0.9811909418710214,-1.6578162673228303
ru,pos,9,all,0.0003354607551504667,0.7894847181211666,-0.5406775168533523
ru,pos,9,stopwords,0.000273353988847314,0.715852900326848,-0.42748827350917346
ru,pos,9,content,0.0003461160083483817,0.6847409685803125,-0.2858095249146844
ru,pos,9,function,0.01868594737487089,0.9808380288338139,-1.6596865124166222
es,vanilla,0,all,0.00047206715817152807,0.947849607491538,-0.8807907729272467
es,vanilla,0,stopwords,0.00034815784868803546,0.9291140440282603,-0.7140405578722383
es,vanilla,0,content,0.0005202086936056748,0.9246856215328825,-0.654121197347055
es,vanilla,0,function,0.003732674506424621,0.9814630555762168,-1.6927017422799213
es,token,0,all,0.000699816037997635,0.8762673171777903,-0.7271861685293031
es,token,0,stopwords,0.0005663043034523419,0.8190390785928205,-0.5288641243915474
es,token,0,content,0.0008192634012613001,0.8286671904791991,-0.48464907276576463
es,token,0,function,0.0056753713018002,0.9758938530977146,-1.670078455958595
es,token,1,all,0.000698271787895083,0.8764859329907143,-0.7281427812628203
es,token,1,stopwords,0.0005649773709399787,0.8191920426178703,-0.5301395232173493
es,token,1,content,0.000816069240588149,0.8281456270672688,-0.48170355833245976
es,token,1,function,0.005703744457749442,0.9755243295343591,-1.6678369306230114
es,token,2,all,0.0006973770023662656,0.8764557907495968,-0.7280933312103548
es,token,2,stopwords,0.0005641121415328326,0.819139290925494,-0.5300917200169509
es,token,2,content,0.0008150099837033434,0.8278065269480342,-0.48114742057669047
es,token,2,function,0.0056561995239622345,0.9761137903217167,-1.6732220285084227
es,token,3,all,0.0006976815067796622,0.8765110800435119,-0.7282312090801812
es,token,3,stopwords,0.0005644076695996245,0.8192969319402503,-0.5303462512803531
es,token,3,content,0.0008154221866057135,0.828048578043197,-0.48155926138232535
es,token,3,function,0.005602888001671134,0.9761826007453926,-1.6761653103440792
es,token,4,all,0.0006977603560310413,0.8765180226530401,-0.7281950913914474
es,token,4,stopwords,0.0005644731600801714,0.8192119805876429,-0.5302882831111168
es,token,4,content,0.0008157557846575775,0.8279821830643466,-0.48162497997770515
es,token,4,function,0.005677971337701426,0.975198022866471,-1.6682186925503513
es,token,5,all,0.0006985654644182395,0.8764635009158933,-0.7279718717374932
es,token,5,stopwords,0.0005652529607942761,0.8191636287654906,-0.5301882856258462
es,token,5,content,0.0008169000123741739,0.8277515152800882,-0.4811356888370764
es,token,5,function,0.005652198217653411,0.9757656507060748,-1.6727538647032532
es,token,6,all,0.000697917541991515,0.8765091746758924,-0.7281846313123603
es,token,6,stopwords,0.0005645894811512228,0.819122097448584,-0.5302678530742541
es,token,6,content,0.000815380251087381,0.8278957008677215,-0.48130796278127846
es,token,6,function,0.005662201483425471,0.9754259574569196,-1.6696476069014137
es,token,7,all,0.0006977603419437121,0.8765321876651604,-0.7281857522232664
es,token,7,stopwords,0.0005645036772518652,0.8192035578020882,-0.5302748725904683
es,token,7,content,0.0008157307671385015,0.8278829256091279,-0.48123136800089494
es,token,7,function,0.005667615015490351,0.9756518262827797,-1.6700325202056552
es,token,8,all,0.0006975817460117399,0.8765194691313192,-0.7281978354349703
es,token,8,stopwords,0.0005641808941162496,0.8191335085455065,-0.5301970724182595
es,token,8,content,0.0008149506778785607,0.827912619566857,-0.4814900151015573
es,token,8,function,0.005679148192498139,0.9756696631126558,-1.6699194490514995
es,token,9,all,0.0006981542567027605,0.8764769223271118,-0.7280272612978882
es,token,9,stopwords,0.0005647180305263489,0.8191194008827044,-0.5301158891965014
es,token,9,content,0.0008156665920071824,0.8278791805553832,-0.4811882484218685
es,token,9,function,0.005686797748676774,0.9756073864986202,-1.669391509275693
es,pos,0,all,0.0006950315881120555,0.8752630600576099,-0.7337585640687513
es,pos,0,stopwords,0.000535369826686264,0.8172109253305266,-0.5440156374443972
es,pos,0,content,0.0008026508595639545,0.8301594837241797,-0.48569223793837235
es,pos,0,function,0.004529286751856264,0.9723121092470065,-1.6510075474607004
es,pos,1,all,0.0006944680381286549,0.875382672638042,-0.7340154923129086
es,pos,1,stopwords,0.0005347613918699593,0.8172080607001388,-0.5439536844598489
es,pos,1,content,0.000802206114895233,0.8301636333058513,-0.48542210413701
es,pos,1,function,0.004546186743664215,0.9725236037404186,-1.650123400058319
es,pos,2,all,0.0006937839402537482,0.8753209209442463,-0.7339843324761113
es,pos,2,stopwords,0.0005343087757629451,0.8171388730202622,-0.5439904410517218
es,pos,2,content,0.0008021497237015911,0.8301146923988028,-0.48565932153688635
es,pos,2,function,0.004540849904145915,0.9723022870156417,-1.6498822430012592
es,pos,3,all,0.0006949599048338242,0.8752933348376368,-0.7338029373249157
es,pos,3,stopwords,0.0005353205483543005,0.817116865029212,-0.5437224878813135
es,pos,3,content,0.0008038535669239266,0.8301293419187947,-0.48559670434460595
es,pos,3,function,0.004537292011133715,0.9721548673924105,-1.6515360518477937
es,pos,4,all,0.0006948116513349231,0.8752529101923234,-0.7337568051408534
es,pos,4,stopwords,0.0005351138770520025,0.8170792930146857,-0.5438669736994114
es,pos,4,content,0.0008027081672916142,0.8300485823259411,-0.48537587506396535
es,pos,4,function,0.0045259067534946735,0.9724594887141612,-1.6511793782252344
es,pos,5,all,0.000694637698096585,0.8754686453848757,-0.7342908982934162
es,pos,5,stopwords,0.000534979629026578,0.8174682103306335,-0.5444341936103904
es,pos,5,content,0.0008031340196957517,0.830275833746688,-0.4859288508511005
es,pos,5,function,0.004555526212821241,0.972312237523871,-1.64928105860452
es,pos,6,all,0.000693769113755972,0.8752973597675813,-0.7339737866242554
es,pos,6,stopwords,0.0005342325168951122,0.817117766349603,-0.5440619319522942
es,pos,6,content,0.000801346173198201,0.8300892002395471,-0.48559156063796904
es,pos,6,function,0.004563086735472167,0.9717881565807392,-1.6475738721623034
es,pos,7,all,0.0006944547457974595,0.8753561102952864,-0.7340430711557708
es,pos,7,stopwords,0.0005348231510151635,0.8172620705539617,-0.5441338714089197
es,pos,7,content,0.0008026142075665589,0.8302128892134342,-0.4858884024935094
es,pos,7,function,0.004514788337831548,0.9722564280613031,-1.6536792266158045
es,pos,8,all,0.0006946501730516801,0.8754452958698316,-0.7340782109669006
es,pos,8,stopwords,0.0005348547262974978,0.81740899116827,-0.5441950856029405
es,pos,8,content,0.000803351540090744,0.8303275915443126,-0.48580362687950424
es,pos,8,function,0.00453898201031451,0.9723804145112147,-1.6494877354096138
es,pos,9,all,0.0006942572267563372,0.8753997293528609,-0.7340943350707506
es,pos,9,stopwords,0.0005346975592055767,0.8173444537384439,-0.5442246101912525
es,pos,9,content,0.0008021562960755724,0.830417974772406,-0.48589410442864883
es,pos,9,function,0.004560774105014236,0.9725424609905167,-1.647402501113883
sv,vanilla,0,all,0.00019950732277373645,0.9384554143190167,-0.8367436851123576
sv,vanilla,0,stopwords,0.00014411410285908245,0.9190294363031526,-0.6978521954797849
sv,vanilla,0,content,0.00013790925746884125,0.9066318625327265,-0.6142367916558383
sv,vanilla,0,function,0.0012947980066596177,0.9707227367436104,-1.3288704950791144
sv,token,0,all,0.00031569182050035884,0.8480557823233101,-0.6537776551201361
sv,token,0,stopwords,0.00023925358109914063,0.7692812335418528,-0.4641163920600396
sv,token,0,content,0.0002328596257256767,0.744912722776588,-0.3917778408550093
sv,token,0,function,0.0019116240849096121,0.9539301743465829,-1.2622853098263978
sv,token,1,all,0.00031517403356243835,0.8483450159217176,-0.6543200386354263
sv,token,1,stopwords,0.00023879181376559346,0.7699722116790857,-0.4653777939656135
sv,token,1,content,0.0002325014607651023,0.7448051319406939,-0.3917083283662934
sv,token,1,function,0.0019053846918899847,0.9533057065909698,-1.2634866348948077
sv,token,2,all,0.0003155875068142703,0.8484113932748777,-0.6542945906221589
sv,token,2,stopwords,0.00023913680192725288,0.7700019859832066,-0.46536969754835616
sv,token,2,content,0.00023277321145645066,0.7450596747412768,-0.39173015768569597
sv,token,2,function,0.0019196018586702412,0.9546213792414777,-1.2627459490797233
sv,token,3,all,0.00031588956175887935,0.8484939025656197,-0.6544880690679448
sv,token,3,stopwords,0.00023936394290465277,0.770189230089538,-0.4655702352907436
sv,token,3,content,0.00023298675748016293,0.7453125431823348,-0.3921075149371148
sv,token,3,function,0.0019199177957098025,0.9537714629805875,-1.2613088340470398
sv,token,4,all,0.0003155459960650542,0.8481793140718084,-0.653980514161174
sv,token,4,stopwords,0.0002390777272845398,0.7697126841317916,-0.4650758266068096
sv,token,4,content,0.00023265454686115168,0.7446292081845955,-0.39127197170855416
sv,token,4,function,0.0019205180760849688,0.9535546667136261,-1.2604940128242357
sv,token,5,all,0.00031489061198791755,0.8482555564788968,-0.6541953872429687
sv,token,5,stopwords,0.00023851520436283185,0.7698306635245279,-0.4653523871246984
sv,token,5,content,0.00023214071299988503,0.744700283861589,-0.3916694472810416
sv,token,5,function,0.0019166952379062777,0.9544775944529528,-1.2630620273137378
sv,token,6,all,0.00031544563842779964,0.848434307190776,-0.6544367234423285
sv,token,6,stopwords,0.00023898807197684948,0.7699927812921226,-0.4656167733431586
sv,token,6,content,0.00023242901926956054,0.7451063315554194,-0.3919110634639232
sv,token,6,function,0.0019147996156689102,0.9535851799316519,-1.2597853503552618
sv,token,7,all,0.0003156856050341476,0.8482958750602253,-0.6541603393942521
sv,token,7,stopwords,0.00023922189278815056,0.769838302903361,-0.465187302747699
sv,token,7,content,0.00023275939500832442,0.7447639405267522,-0.3915249189935628
sv,token,7,function,0.0019148628030768223,0.9540126248430144,-1.2624196025959933
sv,token,8,all,0.0003155890116844605,0.8482963550814187,-0.6543816252232009
sv,token,8,stopwords,0.00023909361392522425,0.7697132317054242,-0.4653759858440336
sv,token,8,content,0.00023262351830014746,0.7449634817287647,-0.39187864230677083
sv,token,8,function,0.0019078174070946063,0.9545445134632486,-1.2637643899227926
sv,token,9,all,0.0003152663157960328,0.848221696533846,-0.6540106606816615
sv,token,9,stopwords,0.00023893165328383163,0.7696783690312332,-0.46499332994969556
sv,token,9,content,0.00023237172868037755,0.7447811343546364,-0.39145766974037943
sv,token,9,function,0.0019192227342227678,0.9536501404240618,-1.2589893036867252
sv,pos,0,all,0.00028932938125753667,0.8436897790852768,-0.6562450134902931
sv,pos,0,stopwords,0.00021913209791176507,0.7707360651959955,-0.5029466603156565
sv,pos,0,content,0.0002087753775008814,0.7358021775982706,-0.3765601204881879
sv,pos,0,function,0.0015827175757592963,0.9490551411380374,-1.2358529750555431
sv,pos,1,all,0.0002892752687378691,0.8438380953648287,-0.6564044215728575
sv,pos,1,stopwords,0.00021911434376654655,0.771193899008022,-0.5032791418841583
sv,pos,1,content,0.00020870465159036317,0.7362564172238744,-0.3768919271981681
sv,pos,1,function,0.0015937895014013794,0.9488541301746181,-1.2330051425080168
sv,pos,2,all,0.00028919349089962047,0.8437598569843984,-0.656282036098401
sv,pos,2,stopwords,0.00021907682613513888,0.7709127646973635,-0.5030175739734223
sv,pos,2,content,0.00020876522193232798,0.7356015362337458,-0.3761773275881642
sv,pos,2,function,0.0015888497191918346,0.9477878525467374,-1.2316737210081052
sv,pos,3,all,0.0002890969590733144,0.8440507818428338,-0.6565849082526157
sv,pos,3,stopwords,0.00021890289278514736,0.7712673551937657,-0.5032765060192047
sv,pos,3,content,0.0002085806636305386,0.7363832543796628,-0.3768561529985804
sv,pos,3,function,0.0015781184681848926,0.9487499761588473,-1.2378196475264869
sv,pos,4,all,0.00028929144074742695,0.8437985592213284,-0.6563972807158088
sv,pos,4,stopwords,0.0002191174816522962,0.7710062239047507,-0.5032782980473279
sv,pos,4,content,0.00020882535997201993,0.7359858547109079,-0.37667416577670215
sv,pos,4,function,0.001590098859520685,0.9480762607369512,-1.2313122745960001
sv,pos,5,all,0.00028922606710570734,0.8436111967312623,-0.6561283641313989
sv,pos,5,stopwords,0.00021906001780628887,0.7706870846788983,-0.5028399139505164
sv,pos,5,content,0.00020883632128561221,0.7354426135118954,-0.376120969388935
sv,pos,5,function,0.0015776926248909663,0.948577415572047,-1.2356441425468192
sv,pos,6,all,0.0002891999719151329,0.8439232399456146,-0.6564644107320703
sv,pos,6,stopwords,0.00021898313493272313,0.7710921656382989,-0.5032707927777119
sv,pos,6,content,0.00020860490087819782,0.7359586538891865,-0.37674335648224827
sv,pos,6,function,0.0015937611118484508,0.947875676708553,-1.2315539120829
sv,pos,7,all,0.00028941525195543824,0.8437376444311909,-0.6564136087320094
sv,pos,7,stopwords,0.00021918931264359673,0.7709402973775195,-0.5031854555141263
sv,pos,7,content,0.00020881273215089257,0.7359124709372356,-0.37661256628435724
sv,pos,7,function,0.0015988996209284946,0.9478933166863521,-1.2310481628147671
sv,pos,8,all,0.0002889502978356092,0.843839191106114,-0.6564473629018024
sv,pos,8,stopwords,0.0002187648001732101,0.7711678376282415,-0.5033930981934139
sv,pos,8,content,0.00020859369209506545,0.7358978544534092,-0.3765095372136754
sv,pos,8,function,0.0015849603504406414,0.9471826288149203,-1.2324179411179246
sv,pos,9,all,0.00028903537593063155,0.843974010689093,-0.6566075061136597
sv,pos,9,stopwords,0.0002188521145340145,0.7712873546962209,-0.5033478889888514
sv,pos,9,content,0.00020860763467070787,0.7363622738602715,-0.37694033815182404
sv,pos,9,function,0.001597423364176217,0.9487262050599926,-1.2305468289810468
